{
  "USD_JPY": {
    "strategy": "rsi_mean_reverse",
    "params": {
      "period": 14,
      "oversold": 35,
      "overbought": 70
    },
    "score": 1.6184228538231797,
    "validation": {
      "win_rate": {
        "point": 0.576271186440678,
        "lo": 0.4915254237288136,
        "hi": 0.652542372881356
      },
      "profit_factor": {
        "point": 1.454912967485156,
        "lo": 1.0218646828976794,
        "hi": 1.9377278404265545
      },
      "sharpe": {
        "point": 0.7849815681059211,
        "lo": 0.09485624137206222,
        "hi": 1.4209183880812524
      },
      "dsr_prob": 0.999999998861819,
      "pbo": null,
      "notes": "All checks passed."
    }
  },
  "GBP_JPY": {
    "strategy": "rsi_mean_reverse",
    "params": {
      "period": 14,
      "oversold": 35,
      "overbought": 65
    },
    "score": 0.9498301647065994,
    "validation": {
      "win_rate": {
        "point": 0.5735294117647058,
        "lo": 0.5294117647058824,
        "hi": 0.6397058823529411
      },
      "profit_factor": {
        "point": 1.28142596271167,
        "lo": 1.0357115544735622,
        "hi": 1.6759672277333413
      },
      "sharpe": {
        "point": 0.6373131717384674,
        "lo": -0.010049170521958384,
        "hi": 1.3012298282031338
      },
      "dsr_prob": 0.9999985682755996,
      "pbo": null,
      "notes": "All checks passed."
    }
  },
  "NZD_JPY": {
    "strategy": "rsi_mean_reverse",
    "params": {
      "period": 14,
      "oversold": 25,
      "overbought": 70
    },
    "score": 1.8462441553144844,
    "validation": {
      "win_rate": {
        "point": 0.6271186440677966,
        "lo": 0.5254237288135594,
        "hi": 0.7457627118644068
      },
      "profit_factor": {
        "point": 1.6976398164981197,
        "lo": 1.056126899376335,
        "hi": 3.0530671035944987
      },
      "sharpe": {
        "point": 0.774894515604737,
        "lo": 0.051350407371884156,
        "hi": 1.3877572681457793
      },
      "dsr_prob": 0.9995856870567191,
      "pbo": null,
      "notes": "All checks passed."
    }
  }
}