{
  "USD_JPY": {
    "strategy": "rsi_mean_reverse",
    "params": {
      "period": 14,
      "oversold": 35,
      "overbought": 70
    },
    "score": 1.417408042188211,
    "validation": {
      "win_rate": {
        "point": 0.5726495726495726,
        "lo": 0.47863247863247865,
        "hi": 0.6497863247863246
      },
      "profit_factor": {
        "point": 1.4540272391586737,
        "lo": 1.0275806129402274,
        "hi": 1.951744126168591
      },
      "sharpe": {
        "point": 0.7806138794870581,
        "lo": 0.09365785867598339,
        "hi": 1.4694279000819694
      },
      "dsr_prob": 0.9999999988841753,
      "pbo": null,
      "notes": "All checks passed."
    }
  },
  "AUD_JPY": {
    "strategy": "rsi_mean_reverse",
    "params": {
      "period": 14,
      "oversold": 35,
      "overbought": 75
    },
    "score": 1.6349208135947682,
    "validation": {
      "win_rate": {
        "point": 0.5764705882352941,
        "lo": 0.5058823529411764,
        "hi": 0.6588235294117647
      },
      "profit_factor": {
        "point": 1.4422249637368199,
        "lo": 1.0189136279601032,
        "hi": 2.0228749101034147
      },
      "sharpe": {
        "point": 0.6577071020897143,
        "lo": -0.038264322352256554,
        "hi": 1.3356511317184967
      },
      "dsr_prob": 0.9998891496142255,
      "pbo": null,
      "notes": "All checks passed."
    }
  }
}